<?xml version="1.0" encoding="UTF-8"?><server description="ELM server">
<!--
    Licensed Materials - Property of IBM
    (c) Copyright IBM Corporation 2015, 2020. All Rights Reserved.

    Note to U.S. Government Users Restricted Rights:
    Use, duplication or disclosure restricted by GSA ADP Schedule
    Contract with IBM Corp.
 -->

	<!-- Enable features -->
	<featureManager>
		<feature>monitor-1.0</feature>
		<feature>jsp-2.2</feature>
		<feature>servlet-3.0</feature>
		<feature>ssl-1.0</feature>
		<feature>appSecurity-2.0</feature>
		<feature>adminCenter-1.0</feature>
	</featureManager>
	
	<ssl enabledCiphers="TLS_ECDHE_ECDSA_WITH_AES_128_CBC_SHA256 TLS_ECDHE_RSA_WITH_AES_128_CBC_SHA256 TLS_RSA_WITH_AES_128_CBC_SHA256 TLS_ECDHE_ECDSA_WITH_AES_128_CBC_SHA TLS_ECDHE_RSA_WITH_AES_128_CBC_SHA TLS_RSA_WITH_AES_128_CBC_SHA TLS_DHE_RSA_WITH_AES_128_CBC_SHA TLS_DHE_RSA_WITH_AES_128_CBC_SHA256" id="defaultSSLConfig" keyStoreRef="defaultKeyStore" sslProtocol="TLSv1.2" trustDefaultCerts="true"/>
	
	<!--keyStore id="defaultKeyStore" location="ibm-team-ssl.p12" password="{xor}Nj0ycis6PjI=" type="PKCS12"/-->
	<keyStore id="defaultKeyStore" location="/IBM/certs/RTC.keystore" type="JCEKS" password="secret"/>

	<httpEndpoint host="*" httpPort="9080" httpsPort="9443" id="defaultHttpEndpoint"/>

    <httpSession cookieSecure="true" invalidateOnUnauthorizedSessionRequestException="true"/>
    <webAppSecurity ssoRequiresSSL="true"/>

    <!-- The deferServletLoad attribute value can be changed to "false" to force all applications
         to load on startup, instead of when they are first accessed -->
    <webContainer deferServletLoad="false" maxParamPerRequest="-1"/>
    
	<include location="conf/basicUserRegistry.xml"/>
    <!--include location="conf/ldapUserRegistry.xml"/-->

    <include location="conf/application.xml"/>

    <!-- Edit the following, after setting up the user registry,
         to define the user(s) and/or group(s) that can perform Liberty server administration
         (e.g. access the Admin Center) -->
    <administrator-role>
        <user>ADMIN</user>
        <group>JazzAdmins</group>
    </administrator-role>

    <remoteFileAccess>
        <writeDir>${server.config.dir}</writeDir>
    </remoteFileAccess>

    <!-- do not allow dropped-in applications, and reduce frequency of config file change polling -->
    <applicationMonitor dropinsEnabled="false" pollingRate="10s" updateTrigger="mbean"/>
    <config monitorInterval="1s" onError="WARN" updateTrigger="polled"/>

    <!--  suppress messages about references to missing third party jars that are not used -->
    <logging hideMessage="SRVE9967W"/>
    <connectionManager connectionTimeout="60s" maxPoolSize="100" purgePolicy="ValidateAllConnections"/>
</server>
