    <!-- RMM -->
    <oslc_am:amServiceProviders
        xmlns:oslc_am="http://open-services.net/ns/am#">
        <jd:service rdf:resource="%server-URL%/oslc-am/catalog" />
    </oslc_am:amServiceProviders>

	<!--
    <trs2:TrackedResourceSet>
		<trs2:trackedResourceSet rdf:resource="%server-URL%/trs2-rmm" />
		<dc:title>RMM Resources (TRS 2.0)</dc:title>
		<dc:description>Tracked Resource Set v2.0 for Rhapsody Model Manager (RMM) resources</dc:description>
		<dc:type rdf:resource="http://open-services.net/ns/am#" />
		<lqe:diagnostic rdf:resource="%server-URL%/admin#action=jazz.viewPage&amp;id=com.ibm.team.rtc.reports.diagnostics" />
		<oslc:domain rdf:resource="http://open-services.net/ns/am#" />
	</trs2:TrackedResourceSet>
	-->
