<?xml version="1.0" encoding="UTF-8"?>
<!--
    Licensed Materials - Property of IBM
    (c) Copyright IBM Corporation 2022. All Rights Reserved.
   
    Note to U.S. Government Users Restricted Rights:  
    Use, duplication or disclosure restricted by GSA ADP Schedule 
    Contract with IBM Corp. 
 -->
<Configuration name="ApplicationLogging" status="error" monitorInterval="10">
    <Properties>
        <Property name="pattern">%d{ISO8601_OFFSET_DATE_TIME_HHMM} [%30t] %5p %-50.50c %X{Tid} - %m%n</Property>
        <Property name="app">ccm</Property>
        <Property name="dir">logs</Property>
    </Properties>

	<Appenders>
		<Console name="stdout" target="SYSTEM_OUT">
			<ThresholdFilter level="DEBUG" onMatch="ACCEPT" onMismatch="DENY"/>
            <PatternLayout pattern="${pattern}"/>
		</Console>
		
		<!-- Main application log file -->
		<RollingFile name="file" filename="${dir}/${app}.log" filePattern="${dir}/${app}-%i.log">
			<PatternLayout pattern="${pattern}"/>
			<Policies>
				<SizeBasedTriggeringPolicy size="10MB"/>
			</Policies>
			<DefaultRolloverStrategy max="5"/>
		</RollingFile>

		<!-- SSO debugging log file -->
		<RollingFile name="ssoDeveloperLog" filename="${dir}/${app}-internalSso.log" filePattern="${dir}/${app}-internalSso-%i.log">
			<PatternLayout pattern="${pattern}"/>
			<Policies>
				<SizeBasedTriggeringPolicy size="10MB"/>
			</Policies>
			<DefaultRolloverStrategy max="5"/>
		</RollingFile>
		
		<!-- SCM Versioned Content Access Logging -->
		<!--  
			Uncomment these lines to create a versioned content access log file
			WARNING : These files will grow fairly fast, if you wish to process this accurately, you
			will could use a FileAppender and pipe it into another script/program. 
		-->
		<!--
		<RollingFile name="scm_scaa" filename="${dir}/${app}-scaa-content.log" filePattern="${dir}/${app}-scaa-content-%i.log">
			<PatternLayout pattern="%m %n"/>
			<Policies>
				<SizeBasedTriggeringPolicy size="7MB"/>
			</Policies>
			<DefaultRolloverStrategy max="10"/>
		</RollingFile>
		-->
		
		<!-- SCM Move Content Logging -->
		<RollingFile name="scmMoveContent" filename="${dir}/${app}-scm-move-content.log" filePattern="${dir}/${app}-scm-move-content-%i.log">
			<PatternLayout pattern="%d{ISO8601_OFFSET_DATE_TIME_HHMM} %m %n"/>
			<Policies>
				<SizeBasedTriggeringPolicy size="10MB"/>
			</Policies>
			<DefaultRolloverStrategy max="5"/>
		</RollingFile>
		
		<!-- Reports Diagnostics Log -->
		<RollingFile name="reportsDiagnostics" filename="${dir}/${app}-reportsDiagnostics.log" filePattern="${dir}/${app}-reportsDiagnostics-%i.log">
			<PatternLayout pattern="%d{ISO8601_OFFSET_DATE_TIME_HHMM} [%30t] %5p %X{Tid} - %m%n"/>
			<Policies>
				<SizeBasedTriggeringPolicy size="10MB"/>
			</Policies>
			<DefaultRolloverStrategy max="5"/>
		</RollingFile>
		
	</Appenders>

	<Loggers>
	
		<!-- Transactions -->
		
		<!-- Turn on debugging of all SQL queries -->
		<!-- <Logger name="sqlTxLogger" level="DEBUG"/> -->

		<!-- Turn on some higher-level tracing for transactions, save participants, etc -->
		<!-- <Logger name="com.ibm.team.repository.service.internal.RdbRepositoryDataMediator" level="DEBUG"/> -->
		<!-- <Logger name="com.ibm.team.core.repository" level="DEBUG"/> -->

		<!-- Turn on Server statistics about the SQL queries -->
        <!-- <Logger name="com.ibm.team.repository.service.internal.collectSqlStatslevel="DEBUG"/> -->


		<!-- LDAP access from jazz  -->

		<!--Turn on query trace against the LDAP server  -->
		<!-- <Logger name="com.ibm.team.repository.service.jts.internal.userregistry.ldap.LDAPUserRegistry" level="DEBUG"/> -->

		<!--Turn on asynch task DEBUG trace -->
		<!-- <Logger name="com.ibm.team.repository.service.internal.scheduler" level="DEBUG"/> -->


		<!--  Feeds -->
		
		<!-- Feed errors are logged at the debug level. -->
		<!-- <Logger name="com.ibm.team.repository.service.feed" level="DEBUG"/> -->


		<!--  Git -->
		
		<!-- Turn OFF messages for Git Component -->
        <Logger name="com.ibm.team.git" level="OFF"/>


		<!--  JavaScript -->
		
		<!-- Turn on ERROR messages only for JavaScriptDependencyAnalyzer to suppress the dojo circular dependency warning -->
		<!-- <Logger name="net.jazz.ajax.internal.javascript.JavaScriptDependencyAnalyzer" level="ERROR"/> -->


		<!-- Jena -->
		
		<!-- Turn off all Jena logging -->
		<Logger name="com.hp.hpl.jena" level="OFF"/>
		<Logger name="org.openjena" level="OFF"/>
		<!-- Turn off some part of Jena logging. Must be uncommented if Jena logging is not globally turned off. -->
		<!-- <Logger name="com.hp.hpl.jena.tdb.store.FactoryGraphTDB" level="ERROR"/> -->
		<!-- <Logger name="com.hp.hpl.jena.tdb.exec" level="ERROR"/> -->
		<!-- <Logger name="org.openjena.riot" level="FATAL"/> -->


		<!-- Jazz Foundation Services -->
		
		<!-- JFS messages are logged at the info level -->
		<Logger name="com.ibm.team.jfs" level="INFO"/>


		<!-- Version Content Access Logging -->
		
		<!--  
			Uncomment these lines to create a versioned content access log file
			WARNING : These files will grow fairly fast, if you wish to process this accurately, you
			will could use a FileAppender and pipe it into another script/program. 
		-->
		<!--
		<Logger name="scm_scaa" level="TRACE" additivity="false">
			<AppenderRef ref="scm_scaa"/>
		</Logger>
		-->
		
		<!--  SCM Move Content Log -->
		
        <Logger name="scm_move_content" level="INFO" additivity="false">
            <AppenderRef ref="scmMoveContent"/>
        </Logger>
        
        
        <!--  SCM Service Tracing -->
        
        <!-- Uncomment to enable tracing by interface or method name. -->
        <!-- <Logger name="scm_trace.com.ibm.team.scm.common.IScmService" level="TRACE"/> -->
        <!-- <Logger name="scm_trace.com.ibm.team.scm.common.internal.IScmQueryService" level="TRACE"/> -->
        <!-- <Logger name="scm_trace.com.ibm.team.filesystem.common.IFilesystemService.compareWorkspaces" level="TRACE"/> -->

        <!-- Uncomment to enable tracing when a transaction fetches more items than the specified threshold -->
		<!-- <Logger name="scm_trace.com.ibm.team.scm.service.internal.ScmTransactionContext.fetchs" level="TRACE"/> -->
        
        
        <!--  Build -->
        
        <!-- 
        	Workaround for issue with XML JDBC drivers overriding log level for com.ibm.rational
			The level here should be the same as the default (see log4j.rootLogger setting above).
			See https://jazz.net/jazz/resource/itemName/com.ibm.team.workitem.WorkItem/163146
			and https://jazz.net/jazz02/resource/itemName/com.ibm.team.workitem.WorkItem/49542  
		-->
		<Logger name="com.ibm.rational.buildforg" level="WARN"/>
		<Logger name="com.ibm.rational.connector.buildforge" level="WARN"/>
		<logger name="com.ibm.rational.connector.hudson" level="DEBUG"/>
        

		<!-- Enterprise Extensions -->
		
		<!-- Migration -->
		<Logger name="com.ibm.team.enterprise.build.buildmap.compatability.maintenance.BuildMapBuildResultDeleteParticipant" level="INFO"/>
		<Logger name="com.ibm.team.enterprise.build.buildmap.compatability.maintenance.BuildMapMaintenanceService" level="INFO"/>
		<Logger name="com.ibm.team.enterprise.buildablesubset.compatibility.migration.MigrateJfsSubsets" level="INFO"/>
		<Logger name="com.ibm.team.enterprise.internal.build.preprocess.service.FixStorageAreaIndexTask" level="INFO"/>
		<Logger name="com.ibm.team.enterprise.internal.buildablesubset.service.MigrateOldSubsetTask" level="INFO"/>
		<Logger name="com.ibm.team.enterprise.internal.buildablesubset.service.MigrateSubsetWorkItemsTask" level="INFO"/>
		<Logger name="com.ibm.team.enterprise.internal.buildablesubset.service.MigrateToTeamSubsetTask" level="INFO"/>
		<Logger name="com.ibm.team.enterprise.internal.migration.service.EnterpriseMigrationTask" level="INFO"/>
		<Logger name="com.ibm.team.enterprise.internal.migration.service.EnterpriseMigrationService" level="INFO"/>
		<!-- <Logger name="com.ibm.team.enterprise.internal.cleanup" level="INFO"/>  -->
		
		<!-- Uncomment to enable tracing for SCD Scanning -->
		<!-- <Logger name="com.ibm.team.enterprise.internal.metadata.scan" level="DEBUG"/>  -->
		<!-- <Logger name="com.ibm.team.enterprise.internal.metadata.collection.service" level="DEBUG"/>  -->
		<!-- <Logger name="com.ibm.team.enterprise.internal.metadata.resource" level="DEBUG"/>  -->
		<!-- <Logger name="com.ibm.team.enterprise.jfs.commons.storage" level="DEBUG"/>  -->

		<!-- Uncomment to enable tracing for Dependency Build -->
		<!-- <Logger name="com.ibm.team.enterprise.dependencyset.service" level="DEBUG"/>  -->
		<!-- <Logger name="com.ibm.team.enterprise.internal.dependencyset.service.utils" level="DEBUG"/>  -->
		<!-- <Logger name="com.ibm.team.enterprise.internal.build.preprocess.service" level="DEBUG"/>  -->


		<!--  JSA SSO -->
		
		<Logger name="customer.com.ibm.team.integration.auth" level="WARN" additivity="false">
			<AppenderRef ref="file"/>
		</Logger>
		
		<Logger name="developer.com.ibm.team.integration.auth" level="INFO" additivity="false">
			<AppenderRef ref="ssoDeveloperLog"/>
		</Logger>
        
        
		<!-- Reports Diagnostics Log -->
		
		<Logger name="com.ibm.team.rtc.common.internal.service.rest.reports.diagnostics" level="INFO" additivity="false">
            <AppenderRef ref="reportsDiagnostics"/>
        </Logger>
		
		
		<!-- Dependency Board Services Log -->
		
		<Logger name="com.ibm.team.dependencyboard.internal.service" level="OFF"/>


		<!-- RMM -->
		
		<Logger name="com.ibm.team.rmm.models.service.internal.SystemProfilesDeployerService" level="INFO"/>
		<Logger name="com.ibm.team.rmm.trs.RMMTrsMigrationTask" level="INFO"/>
		<Logger name="com.ibm.team.rmm.models.context.RMMTeamServiceContext" level="INFO"/>
                <Root level="WARN">
			<AppenderRef ref="file"/>
		</Root>
	</Loggers>
</Configuration>

