<?xml version="1.0"?><!--
    Licensed Materials - Property of IBM
    (c) Copyright IBM Corporation 2011. All Rights Reserved.
    
    Note to U.S. Government Users Restricted Rights:  
    Use, duplication or disclosure restricted by GSA ADP Schedule 
    Contract with IBM Corp. 
 -->

<rdf:RDF
	xmlns:rdf="http://www.w3.org/1999/02/22-rdf-syntax-ns#"
	xmlns:dc="http://purl.org/dc/terms/"
	xmlns:ju="http://jazz.net/ns/ui#"
	xmlns:jd="http://jazz.net/xmlns/prod/jazz/discovery/1.0/"
	xmlns:oslc="http://open-services.net/ns/core#"
>
<!--
Service Contribution Resource document for providing navigation with external applications.
-->
	<!-- Application properties -->
	<jd:Application>
		<oslc:publisher rdf:resource="%server-URL%/application-about"/>
		<jd:contextRoot>%server-URL%</jd:contextRoot>
		<jd:rootServices rdf:resource="%server-URL%/rootservices" />
		<jd:registration rdf:resource="%server-URL%/service/com.ibm.team.repository.service.internal.setup.IRegistrationHandlerService" />
    	<jd:domain rdf:parseType="Resource">
      		<dc:identifier>http://open-services.net/ns/cm#</dc:identifier>
      		<jd:version>3.0.1</jd:version>
    	</jd:domain>
	</jd:Application>
	
	<!-- Home menu service -->
	<ju:HomeMenu>
		<jd:service rdf:resource="%server-URL%/home-menu-project"/>
		<ju:menuSection rdf:resource="http://jazz.net/ns/ui/menuSection#project"/>
		<oslc:publisher rdf:resource="%server-URL%/application-about"/>
		<!-- Leaving default icon here for now until home menu supports icon from application-about -->
		<ju:defaultIcon rdf:resource="%server-URL%/web/com.ibm.team.rtc.web/ui/graphics/UICustomizations/RTC_16.png"/>
		<jd:contextRoot>%server-URL%</jd:contextRoot> 
	</ju:HomeMenu>
	
</rdf:RDF>
