<server>
	<application type="war" id="rpeng" name="rpeng" location="${server.config.dir}/apps/rpeng.war">
	     <classloader commonLibraryRef="rcl" apiTypeVisibility="spec,ibm-api,api"/>
		 <application-bnd>
			<security-role name="pub_user">
			   <group name="JazzGuests" />
			</security-role>
			<security-role name="pub_report_designer">
			   <group name="JazzUsers" />
		        </security-role>
			<security-role name="pub_admin">
			   <group name="JazzAdmins" />
			</security-role>
		   	</application-bnd>
	</application>
	<application type="war" id="dgaas" name="dgaas" location="${server.config.dir}/apps/dgaas.war">
	     <classloader commonLibraryRef="rcl" apiTypeVisibility="spec,ibm-api,api"/>
		 <application-bnd>
			<security-role name="pub_user">
			   <group name="JazzGuests" />
			</security-role>
			<security-role name="pub_report_designer">
			   <group name="JazzUsers" />
		        </security-role>
			<security-role name="pub_admin">
			   <group name="JazzAdmins" />
			</security-role>
		   	</application-bnd>
	</application>
</server>