<?xml version="1.0" encoding="UTF-8"?>
<server description="Document builder">

    <!-- Enable features -->
    <featureManager>
    <feature>jsp-2.2</feature>
	<feature>appSecurity-2.0</feature>
	<feature>servlet-3.0</feature>
	<feature>jndi-1.0</feature>
	<feature>jpa-2.0</feature>
	<feature>jdbc-4.0</feature>
    </featureManager>
    <!--<keyStore id="defaultKeyStore" location="BT_key.jks" password="changeit" type="JKS"/> -->
	<ssl enabledCiphers="TLS_ECDHE_ECDSA_WITH_AES_128_CBC_SHA256 TLS_ECDHE_RSA_WITH_AES_128_CBC_SHA256 TLS_RSA_WITH_AES_128_CBC_SHA256 TLS_ECDHE_ECDSA_WITH_AES_128_CBC_SHA TLS_ECDHE_RSA_WITH_AES_128_CBC_SHA TLS_RSA_WITH_AES_128_CBC_SHA TLS_DHE_RSA_WITH_AES_128_CBC_SHA TLS_DHE_RSA_WITH_AES_128_CBC_SHA256" id="defaultSSLConfig" keyStoreRef="defaultKeyStore" sslProtocol="TLSv1.2" trustDefaultCerts="true"/>

    <keyStore id="defaultKeyStore" password="secret" type="JCEKS" location="E:\IBM\certs\PUB.keystore"/>
	<!--<ssl id="defaultSSLConfig" keyStoreRef="defaultKeyStore" sslProtocol="TLSv1.2" serverKeyAlias="server" trustDefaultCerts="true" />-->
	<!--<ssl id="defaultSSLConfig"
            keyStoreRef="defaultKeyStore"
            sslProtocol="TLSv1.2"
     trustStoreRef="defaultKeyStore"
            serverKeyAlias="server"
            trustedAlias="server"
    clientAuthenticationSupported="false"/>-->
	
	
    <!-- To access this server from a remote client add a host attribute to the following element, e.g. host="*" -->
    <httpEndpoint id="defaultHttpEndpoint" httpPort="9080" httpsPort="9443" hostName="*" host="*"/>
	<httpSession invalidateOnUnauthorizedSessionRequestException="true"/>
	
	<classloading useJarUrls="true"/>
	<webContainer deferServletLoad="false"/>
	<include location="conf/basicUserRegistry.xml"/>
	<include location="conf/application.xml"/>
	<executor coreThreads="100"/>	
	<webAppSecurity ssoCookieName="rpeLtpaToken2" ssoUseDomainFromURL="true" ssoRequiresSSL="true"/>
	<!--<webAppSecurity singleSignonEnabled="false" />-->
	<applicationManager autoExpand="true"/>
        <jdbcDriver id="OracleLib">
           <library>
                <fileset caseSensitive="false" dir="E:\IBM\Document-Builder\server\oracle" includes="*.jar"/>  
           </library> 
          </jdbcDriver>
    <dataSource id="rpeng_db" jdbcDriverRef="OracleLib" jndiName="jdbc/RPENG_DB">
       <properties.oracle password="RPENG_PRD" URL="jdbc:oracle:thin:@//srsdc307486l031.tnext.loc:1521/P0748601" user="RPENG_PRD"/>
    </dataSource>
    <dataSource id="DGAAS_DB" jdbcDriverRef="OracleLib" jndiName="jdbc/DGAAS_DB">
       <properties.oracle password="RPENG_PRD" URL="jdbc:oracle:thin:@//srsdc307486l031.tnext.loc:1521/P0748601" user="RPENG_PRD"/>

    </dataSource>
	
	<logging  traceSpecification="*=info:SSLChannel=all:com.ibm.ws.ssl.*=all:com.ibm.websphere.ssl=all:com.ibm.wsspi.ssl.*=all"
traceFileName="trace.log"
maxFileSize="20"
maxFiles="10"
traceFormat="BASIC"
/>

</server>