<?xml version="1.0" encoding="UTF-8"?>
<!--
    Licensed Materials - Property of IBM
    (c) Copyright IBM Corporation 2014, 2015. All Rights Reserved.
    
    Note to U.S. Government Users Restricted Rights:  
    Use, duplication or disclosure restricted by GSA ADP Schedule 
    Contract with IBM Corp. 
 -->

<!--
    NOTE: this file should not be edited. It will be overwritten by fixes, updates,
    and new releases. All customization should be done in the appConfig.xml file,
    or files included by it.
 -->
<server description="Jazz Authorization Server">

	<featureManager>
		<feature>openidConnectServer-1.0</feature>
		<feature>jdbc-4.0</feature>
       		 <feature>appSecurity-2.0</feature>
       	        <feature>ldapRegistry-3.0</feature>
		<feature>ssl-1.0</feature>       
		<feature>localConnector-1.0</feature>
		<feature>samlWeb-2.0</feature>
<!-- SAML support. Uncomment the next two lines, samlWebSso-2.0 and ssl-1.0. 
Make additional changes in appConfig.xml -->
<!--            
        <feature>samlWeb-2.0</feature>
        <feature>ssl-1.0</feature>
-->         
        <!-- feature>adminCenter-1.0</feature-->
	</featureManager>

    <applicationMonitor dropinsEnabled="false" pollingRate="1000ms" updateTrigger="mbean"/>

	<!-- Task#508259 Added ssoRequireSSL attribute -->
 	<webAppSecurity allowFailOverToBasicAuth="true" httpOnlyCookies="false" ssoCookieName="jazzop_sso_cookie"/>

	<httpSession cookieHttpOnly="false"/>

    <include location="appConfig.xml" optional="true"/>
    <connectionManager purgePolicy="FailingConnectionOnly" maxPoolSize="200" />
</server>
