<server>
<!--
    Licensed Materials - Property of IBM
    (c) Copyright IBM Corporation 2015, 2018. All Rights Reserved.

    Note to U.S. Government Users Restricted Rights:
    Use, duplication or disclosure restricted by GSA ADP Schedule
    Contract with IBM Corp.
 -->

    <!--  Applications that rely on container authentication -->
    
    <application type="war" id="jts" name="jts" location="${server.config.dir}/apps/jts.war">
        <application-bnd>
            <security-role name="JazzAdmins">
                <group name="JazzAdmins" />
            </security-role>
            <security-role name="JazzProjectAdmins">
                <group name="JazzProjectAdmins" />
            </security-role>
            <security-role name="JazzUsers">
                <group name="JazzUsers" />
            </security-role>
            <security-role name="JazzGuests">
                <group name="JazzGuests" />
            </security-role>
        </application-bnd>
    </application>

    <application type="war" id="ccm" name="ccm" location="${server.config.dir}/apps/ccm.war">
        <application-bnd>
            <security-role name="JazzAdmins">
                <group name="JazzAdmins" />
            </security-role>
            <security-role name="JazzProjectAdmins">
                <group name="JazzProjectAdmins" />
            </security-role>
            <security-role name="JazzUsers">
                <group name="JazzUsers" />
            </security-role>
            <security-role name="JazzGuests">
                <group name="JazzGuests" />
            </security-role>
        </application-bnd>
    </application>

    <application type="war" id="qm" name="qm" location="${server.config.dir}/apps/qm.war">
        <application-bnd>
            <security-role name="JazzAdmins">
                <group name="JazzAdmins" />
            </security-role>
            <security-role name="JazzProjectAdmins">
                <group name="JazzProjectAdmins" />
            </security-role>
            <security-role name="JazzUsers">
                <group name="JazzUsers" />
            </security-role>
            <security-role name="JazzGuests">
                <group name="JazzGuests" />
            </security-role>
        </application-bnd>
    </application>

    <application type="war" id="am" name="am" location="${server.config.dir}/apps/am.war">
        <application-bnd>
            <security-role name="JazzAdmins">
                <group name="JazzAdmins" />
            </security-role>
            <security-role name="JazzProjectAdmins">
                <group name="JazzProjectAdmins" />
            </security-role>
            <security-role name="JazzUsers">
                <group name="JazzUsers" />
            </security-role>
            <security-role name="JazzGuests">
                <group name="JazzGuests" />
            </security-role>
        </application-bnd>
    </application>

    <!--  Applications that delegate authentication to a JTS -->
    
    <application type="war" id="dcc" name="dcc" location="${server.config.dir}/apps/dcc.war">
    </application>

    <application type="war" id="dm" name="dm" location="${server.config.dir}/apps/dm.war">
    </application>
    
    <application type="war" id="rsadm" name="rsadm" location="${server.config.dir}/apps/rsadm.war">
    </application>

    <application type="war" id="gc" name="gc" location="${server.config.dir}/apps/gc.war">
    </application>

    <application type="war" id="ldx" name="ldx" location="${server.config.dir}/apps/ldx.war">
    </application>

    <application type="war" id="lqe" name="lqe" location="${server.config.dir}/apps/lqe.war">
    </application>

    <application type="war" id="relm" name="relm" location="${server.config.dir}/apps/relm.war">
    </application>

    <application type="war" id="rm" name="rm" location="${server.config.dir}/apps/rm.war">
    </application>

    <application type="war" id="rs" name="rs" location="${server.config.dir}/apps/rs.war">
    </application>

    <application type="war" id="converter" name="converter" location="${server.config.dir}/apps/converter.war">
    </application>

    <application type="war" id="clmhelp" name="clmhelp" location="${server.config.dir}/apps/clmhelp.war">
    </application>

    <application type="war" id="rdmhelp" name="rdmhelp" location="${server.config.dir}/apps/rdmhelp.war">
    </application>
    
    <application type="war" id="iotp" context-root="iotp" name="CE4IoTConnector" location="${server.config.dir}/apps/iotp.war">
	</application>

</server>
