AppConfig.xml

A011262Q013:/data/IBM/QA/JazzTeamServer702_SR1/wlp/usr/servers/jazzop # cat  appConfig.xml
<?xml version="1.0" encoding="UTF-8"?>
<!--
    Licensed Materials - Property of IBM
    (c) Copyright IBM Corporation 2014, 2015. All Rights Reserved.

    Note to U.S. Government Users Restricted Rights:
    Use, duplication or disclosure restricted by GSA ADP Schedule
    Contract with IBM Corp.
 -->

<!--
    Deployment descriptor for the Jazz Authorization Server.

    NOTE: this file can be customized by copying the version from the defaults folder
    up one level (to the jazzop folder), and editing the copied file.
    The files in the defaults folder may be overwritten by the install of fixes, updates,
    and new releases. Any customization done to this file will need to be re-applied
    to new versions of the defaults file.
 -->

<server>

    <!-- The Jazz OP application provides the login form and the standard Jazz security roles -->
    <application
     id="com.ibm.team.integration.jazzop"
     location="jazzop.war"
     name="com.ibm.team.integration.jazzop"
     context-root="jazzop"
     type="war">
        <application-bnd>
            <security-role name="JazzAdmins">
                <user name="S-M_BTWW-0248"/>
                <!--group name="JazzAdmins" /-->
                <!--group name='A-M_BTWW-M_BTWW-Jazz-Prod_User'/-->
                <group name="R-M_BTWW-AP-011262-0000000"/>
                <!--group name="CN=A-M_BTWW-M_BTWW-Jazz_Production_Admins,OU=Role,OU=Groups,OU=_admin,OU=M_BTWW,DC=BT,DC=bombardier,DC=net"/-->
                <!--group name="group:iaa0001.bt.bombardier.net:636/name=O-M_BTWW-Clearcase_Admins,OU=Org,OU=Groups,OU=M_BTWW,DC=BT,DC=bombardier,DC=net"/-->
            </security-role>
            <security-role name="JazzProjectAdmins">
                <group name="R-M_BTWW-AP-011262-0000002" />
            </security-role>
            <security-role name="JazzUsers">
                <group name="R-M_BTWW-AP-011262-0000001" />
            </security-role>
            <security-role name="JazzGuests">
                <group name="R-M_BTWW-AP-011262-0000003" />
            </security-role>
        </application-bnd>
    </application>

    <!-- Default port numbers used in URLs -->
        <httpEndpoint host="*" httpPort="9080" httpsPort="9443" id="defaultHttpEndpoint"/>

    <!-- Default LTPA token expiration time -->
    <ltpa expiration="120m" />

    <!-- This setting is required -->
    <httpSession invalidateOnUnauthorizedSessionRequestException="true" />

    <!-- Default SSL Configuration
     A self-signed certificate is used in the default configuration.
     To avoid certificate warnings in browsers, a certificate issued by a trusted Certificate Authority
     may be configured instead.
    -->
    <keyStore
        id="defaultKeyStore"
        location="/data/IBM/certs/jazz_auth_qa.keystore"
        type="JCEKS"
        password="secret"/>
    <keyStore
        id="defaultTrustStore"
        location="/data/IBM/certs/jazz_auth_qa.keystore"
        type="JCEKS"
        password="secret"/>

    <ssl id="defaultSSLConfig"
     keyStoreRef="defaultKeyStore"
     trustStoreRef="defaultTrustStore"
     serverKeyAlias="bt_jazzauth_qa"
     clientAuthenticationSupported="false"/>

        <!-- OpenID Connect Provider Configuration
         By default, secure (https) URLs must be used. To allow unsecure (http) URLs,
         change the 'httpsRequired' attribute value to 'false'.
         -->
        <openidConnectProvider id="jazzop" oauthProviderRef="JazzOP" sessionManaged="true" />

        <oauthProvider id="JazzOP"
            httpsRequired="true"
                autoAuthorize="true"
                customLoginURL="/jazzop/form/login"
                accessTokenLifetime="7201"
                authorizationGrantLifetime="604801">
                <autoAuthorizeClient>client01</autoAuthorizeClient>
                <databaseStore dataSourceRef="OAuthFvtDataSource" />
        </oauthProvider>

    <!-- By default, all users can be authentication with OAuth/OpenID Connect,
     and only users with the "JazzAdmins" role can manage registered client applications.
     -->
    <oauth-roles>
        <authenticated>
            <special-subject type="ALL_AUTHENTICATED_USERS" />
        </authenticated>
        <clientManager>
            <group name="R-M_BTWW-AP-011262-0000000" />
            <group name="JazzAdmins"/>
        </clientManager>
    </oauth-roles>

    <!-- Database configuration for client registration and token cache
     By default, an embedded Derby database is used.
     -->
    <dataSource id="OAuthFvtDataSource" jdbcDriverRef="OracleLib" jndiName="jdbc/OAuth2DB">
       <properties.oracle password="OAUTHDBSCHEMA" URL="jdbc:oracle:thin:@//A011262Q021.bt.bombardier.net:52101/JAZZPPR" user="OAUTHDBSCHEMA"/>
    </dataSource>
    <jdbcDriver id="OracleLib">
           <library>
                <fileset caseSensitive="false" dir="/data/IBM/QA/JazzTeamServer702_SR1/oracle" includes="*.jar"/>
           </library>
          </jdbcDriver>
    <!-- SAML
    The three sections below define settings required for supporting SAML authentication.

    To enable SAML, uncomment samlWebSso20 and authFilterbelow.
    Depending on your SAML sever you could perhaps have additional configuration.
    Please see the online documentation for details
    -->

    <!-- start of SAML -->
    <!--
        <samlWebSso20
                id="defaultSP"
                spCookieName="jazzop_sso_cookie_idp"
                forceAuthn="true"
                authFilterRef="samlAuthFilter">
    </samlWebSso20>

        <authFilter id="samlAuthFilter">
        <requestUrl id="samlRequestUrl" urlPattern="/authorize" matchType="contains" />
                <userAgent id="samlUserAgent" agent="Mozilla|Opera" matchType="contains"/>
    </authFilter>

        -->
        <!-- end of SAML -->

    <!-- User Registry
     By default, a file-based user registry is used. The localUserRegistry.xml file
     can be modified to define users and the groups they belong too; the provided file
     is just a sample.
     To use an LDAP user registry instead, modify ldapUserRegistry.xml as appropriate for
     your site, then comment out the include element for localUserRegistry.xml,
     and uncomment the include element for ldapUserRegistry.xml.
     -->

    <include location="ldapUserRegistry.xml" optional="true"/>
    <include location="localUserRegistry.xml" optional="true"/>
