<?xml version="1.0" encoding="UTF-8"?>
<!--
    Licensed Materials - Property of IBM
    (c) Copyright IBM Corporation 2022. All Rights Reserved.
   
    Note to U.S. Government Users Restricted Rights:  
    Use, duplication or disclosure restricted by GSA ADP Schedule 
    Contract with IBM Corp. 
 -->
<Configuration name="RepotoolsLogging" status="error">
    <Properties>
        <Property name="dir">logs</Property>
    </Properties>

    <Appenders>
        <Console name="console" target="SYSTEM_OUT">
            <PatternLayout pattern="%m%n%ex{none}"/>
            <!-- Filter to constrain output to just the log file -->
            <MarkerFilter marker="FileOnly" onMatch="DENY" onMismatch="ACCEPT"/>
        </Console>
        
        <!-- The filename is a placeholder; it is replaced by the command-specific filename at runtime -->
        <File name="file" filename="repotools.log" append="false" immediateFlush="true">
            <PatternLayout pattern="%d{ISO8601_OFFSET_DATE_TIME_HHMM} %m%n"/>
            <!-- Filter to constrain output to just the console -->
            <MarkerFilter marker="ConsoleOnly" onMatch="DENY" onMismatch="ACCEPT"/>
        </File>
        
        <!-- SSO debugging log file -->
        <RollingFile name="ssoDeveloperLog" filename="${dir}/internalSso.log" filePattern="${dir}/internalSso-%i.log">
            <PatternLayout pattern="%d{ISO8601_OFFSET_DATE_TIME_HHMM} [%30t] %5p %-50.50c  - %m%n"/>
            <Policies>
                <SizeBasedTriggeringPolicy size="10MB"/>
            </Policies>
            <DefaultRolloverStrategy max="5"/>
        </RollingFile>
        
        <!-- Server rename -->
        <RollingFile name="jpi" filename="${dir}/internalServerRename.log" filePattern="${dir}/internalServerRename-%i.log">
            <PatternLayout pattern="[%d{ISO8601_OFFSET_DATE_TIME_HHMM}] %m%n"/>
            <Policies>
                <SizeBasedTriggeringPolicy size="100MB"/>
            </Policies>
            <DefaultRolloverStrategy max="5"/>
        </RollingFile>
        
        <!-- onlineMigrateStatesProcessed.log -->
        <RollingFile name="onlineMigrateStatesProcessed" filename="${dir}/onlineMigrateStatesProcessed.log" filePattern="${dir}/onlineMigrateStatesProcessed-%i.log"
            bufferedIO="false">
            <PatternLayout pattern="[%d{ISO8601_OFFSET_DATE_TIME_HHMM}] %m%n"/>
            <Policies>
                <SizeBasedTriggeringPolicy size="100MB"/>
            </Policies>
            <DefaultRolloverStrategy max="5"/>
        </RollingFile>
        
        <!-- versionTableSkippedItems.log -->
        <RollingFile name="vTableSkippedItems" filename="${dir}/versionTableSkippedItems.log" filePattern="${dir}/versionTableSkippedItems-%i.log">
            <PatternLayout pattern="[%d{ISO8601_OFFSET_DATE_TIME_HHMM}] %m%n"/>
            <Policies>
                <SizeBasedTriggeringPolicy size="100MB"/>
            </Policies>
            <DefaultRolloverStrategy max="5"/>
        </RollingFile>
        
        <!-- versionTableThroughput.log -->
        <RollingFile name="vTableThroughput" filename="${dir}/versionTableThroughput.log" filePattern="${dir}/versionTableThroughput-%i.log">
            <PatternLayout pattern="[%d{ISO8601_OFFSET_DATE_TIME_HHMM}] %m%n"/>
            <Policies>
                <SizeBasedTriggeringPolicy size="100MB"/>
            </Policies>
            <DefaultRolloverStrategy max="5"/>
        </RollingFile>
        
        <!-- Audit log -->
        <RollingFile name="auditFile" filename="audit/jazz-repotools.log" filePattern="audit/jazz-repotools.%d{yyyy-MM-dd}.log">
            <PatternLayout pattern="%d{ISO8601_OFFSET_DATE_TIME_HHMM} - %m%n"/>
            <Policies>
                <TimeBasedTriggeringPolicy interval="1"/>
            </Policies>
        </RollingFile>
    </Appenders>

    <Loggers>
        <!-- Show info messages in command package -->
        <Logger name="com.ibm.team.repotools.command" level="INFO"/>

        <!-- Show info messages for progress. Any app can use this to show progress during repotools commands -->
        <Logger name="com.ibm.team.repotools.progress" level="INFO"/>

        <!-- Show info messages in migration rcp package -->
        <Logger name="com.ibm.team.repository.migration.rcp" level="INFO"/>
        <Logger name="com.ibm.team.repository.migration.rcp.internal" level="INFO"/>
        <Logger name="com.ibm.team.repository.migration.internal.stats" level="INFO"/>
        
        <!-- Show general command info messages -->
        <Logger name="com.ibm.team.repotools.rcp" level="INFO"/>
        <Logger name="com.ibm.team.repotools.command" level="INFO"/>
        <Logger name="com.ibm.team.repotools.commands.local" level="INFO"/>

		<!-- Show model evolution log messages -->
		<Logger name="com.ibm.team.repository.service.internal.rdb.AbstractDatabaseService.modelEvolution" level="INFO"/>

		<!-- Show Partitioning log messages -->
		<Logger name="com.ibm.team.repository.service.internal.rdb.AbstractDatabaseService.partitioning" level="INFO"/>

		<!-- Show DB indexing log messages -->
		<Logger name="com.ibm.team.repository.service.internal.rdb.AbstractDatabaseService.dbIndexing" level="INFO"/>

		<!-- Don't show object sizer warn messages -->
		<Logger name="com.ibm.team.repository.common.internal.util.ObjectSizer" level="ERROR"/>

		<!-- only log fatal errors from CrudServiceRegistry and ScrubberUtils -->
		<Logger name="com.ibm.team.repository.service.internal.crud.CrudServiceRegistry" level="FATAL"/>
		<Logger name="com.ibm.team.repository.service.internal.LocationResolverRegistry" level="FATAL"/>
		<Logger name="com.ibm.team.repository.service.internal.util.ScrubberUtils" level="FATAL"/>

		<!-- Don't show warning messages from scheduler -->
		<Logger name="com.ibm.team.repository.service.internal.scheduler.SchedulerManagerService" level="ERROR"/>
		<Logger name="com.ibm.team.repository.service.internal.AsynchronousTaskSchedulerService" level="ERROR"/>

		<!-- Turn off adoption messages -->
		<Logger name="com.ibm.team.repository.service.internal.Adoptions" level="ERROR"/>

		<!-- Show only error messages -->
		<Logger name="com.ibm.team.repository.service.internal.DeferredModeInfo" level="ERROR"/>

		<!-- Show only authTypeLogger error messages -->
		<Logger name="com.ibm.team.repository.service.internal.permission.authorizationType" level="ERROR"/>

		<!-- Turn on warning messages from SQLException Logger -->
		<Logger name="sqlExceptionLogger" level="WARN"/>

        <!-- Turn on info messages from JFS -->
        <Logger name="com.ibm.team.jfs" level="INFO"/>
        
        <!-- Turn off all PDFBox logging (https://jazz.net/jazz/resource/itemName/com.ibm.team.workitem.WorkItem/193448) -->
        <Logger name="org.apache.pdfbox" level="OFF"/>
        
		<!-- Turn on info messages for AbstractRepoMigrationHandler and RepositoryMigrationHandler for 3.0 -->
		<Logger name="com.ibm.team.repository.migration.internal.impl.AbstractRepositoryMigrationHandler" level="INFO"/>

		<!-- For server rename, we want additional data for support purposes -->
		<Logger name="com.ibm.team.jfs.app.util.jpimapping.algorithm.MemoryJPIMappingService" level="DEBUG" additivity="false">
            <AppenderRef ref="jpi"/>
		</Logger>

		<!-- For server rename, be sure to output messages the admin should be interested in -->
		<Logger name="com.ibm.team.repository.service.internal.oauth.serverrename.TrustedCallbackServiceConfigPropertyUpdater" level="INFO"/>

		<!-- Enable progress messages for cleanupLeakedContentCommand -->
		<Logger name="com.ibm.team.repository.service.internal.db.filestorage.ContentStorage.cleanupLeakedContentLogger" level="INFO"/>

		<!-- Online migration -->
		<Logger name="com.ibm.team.repository.migration.internal.service.NewTypeMigrationService" level="INFO"/>

		<!-- onlineMigrateStatesProcessed.log -->
		<Logger name="OnlineMigrateStatesProcessedLogger" level="INFO" additivity="false">
            <AppenderRef ref="onlineMigrateStatesProcessed"/>
		</Logger>

		<!-- versionTableSkippedItems.log -->
		<Logger name="VTableSkippedItemsLogger" level="INFO" additivity="false">
            <AppenderRef ref="vTableSkippedItems"/>
		</Logger>

		<!-- versionTableThroughput.log -->
		<Logger name="VTableThroughputLogger" level="INFO" additivity="false">
            <AppenderRef ref="vTableThroughput"/>
		</Logger>

        <!-- SSO logging -->
        <Logger name="customer.com.ibm.team.integration.auth" level="WARN" additivity="false">
            <AppenderRef ref="console"/>
            <AppenderRef ref="file"/>
        </Logger>

        <Logger name="developer.com.ibm.team.integration.auth" level="INFO" additivity="false">
            <AppenderRef ref="ssoDeveloperLog"/>
        </Logger>

        <!-- Audit Logger -->
        <Logger name="auditLogger" level="INFO" additivity="false">
            <AppenderRef ref="auditFile"/>
        </Logger>

        <!-- Default logging -->
        <Root level="ERROR">
            <AppenderRef ref="console"/>
            <AppenderRef ref="file"/>
        </Root>
    </Loggers>
</Configuration>
