<?xml version="1.0" encoding="UTF-8"?>
<!--
    Licensed Materials - Property of IBM
    (c) Copyright IBM Corporation 2022. All Rights Reserved.
   
    Note to U.S. Government Users Restricted Rights:  
    Use, duplication or disclosure restricted by GSA ADP Schedule 
    Contract with IBM Corp. 
 -->
<Configuration name="StartupLogging" status="error">
    <Properties>
        <Property name="pattern">%d{ABSOLUTE} [%t] %5p %-50.50c  - %m%n</Property>
    </Properties>

	<Appenders>
		<Console name="stdout" target="SYSTEM_OUT">
			<PatternLayout pattern="${pattern}"/>
		</Console>
	</Appenders>

	<Loggers>
		<!-- Turn on ERROR messages only for JavaScriptDependencyAnalyzer to suppress the dojo circular dependency warning -->
		<Logger name="net.jazz.ajax.internal.javascript.JavaScriptDependencyAnalyzer" level="ERROR"/>

		<!-- Turn on FATAL messages only for AjaxModuleDOMLoader to suppress point in time Ajax Module DOM loading errors -->
		<Logger name="net.jazz.ajax.internal.ajaxmodule.AjaxModuleDOMLoader" level="FATAL"/>
		
		<Root level="WARN">
			<AppenderRef ref="stdout"/>
		</Root>
	</Loggers>
</Configuration>

